{
  "schema": "nuosubburma_final_evaluation/1.0",
  "scope": "frozen_final_release_model_full_1030_sample_evaluation",
  "metric": {
    "primary": "mean per-sample NED after NFC normalization and Unicode-whitespace removal",
    "normalization": "NFC, then remove all Unicode whitespace",
    "secondary": "corpus CER = sum Levenshtein distance / sum GT code points",
    "diagnostic": "NFKC results are diagnostic only because compatibility normalization can fold OCR-significant symbols"
  },
  "provenance": {
    "model_weight_sha256": "910c01816ad1b75d4cf958e7eb33ab730a3f0a2127c1b4606e1900901509161f",
    "annotations_sha256": "3cec2d96a9b175367d1a20e27ded34f965ba2ae13d5951c539bcfd79dcf44333",
    "predictions_sha256": "a8b57a574225d8519d563c0a4976f0c9dc79cbd4cc122147801613640a559b62",
    "alignment": "unique image SHA-256; all 1,030 image hashes matched exactly"
  },
  "overall": {
    "samples": 1030,
    "gt_characters": 204919,
    "prediction_characters": 210794,
    "edit_distance": 12746,
    "cer": 0.06220018641512012,
    "mean_sample_ned": 0.03989560450729033,
    "exact_matches": 333,
    "exact_match_rate": 0.3233009708737864,
    "raw_cer": 0.06953082639619813,
    "raw_mean_sample_ned": 0.04744498352051766,
    "nfkc_ws_cer": 0.055408970976253295,
    "nfkc_ws_mean_sample_ned": 0.03460375194432007
  },
  "character_slices": {
    "yi": {
      "gt_characters": 94872,
      "prediction_characters": 95022,
      "edit_distance": 4023,
      "cer": 0.0424045029091829,
      "mean_sample_ned": 0.04318077613251851
    }
  },
  "breakdowns": {
    "scene": [
      {
        "samples": 787,
        "gt_characters": 143205,
        "prediction_characters": 147441,
        "edit_distance": 6934,
        "cer": 0.04842009706365001,
        "mean_sample_ned": 0.02594410197611789,
        "exact_matches": 282,
        "exact_match_rate": 0.3583227445997459,
        "key": "book_scan",
        "label": "书籍扫描"
      },
      {
        "samples": 164,
        "gt_characters": 58283,
        "prediction_characters": 59920,
        "edit_distance": 5142,
        "cer": 0.0882246967383285,
        "mean_sample_ned": 0.039330647748894575,
        "exact_matches": 45,
        "exact_match_rate": 0.27439024390243905,
        "key": "real_screen_photo",
        "label": "屏幕拍摄"
      },
      {
        "samples": 70,
        "gt_characters": 3230,
        "prediction_characters": 3231,
        "edit_distance": 667,
        "cer": 0.2065015479876161,
        "mean_sample_ned": 0.20002879906090554,
        "exact_matches": 0,
        "exact_match_rate": 0.0,
        "key": "phone_handwritten",
        "label": "手写拍照"
      },
      {
        "samples": 9,
        "gt_characters": 201,
        "prediction_characters": 202,
        "edit_distance": 3,
        "cer": 0.014925373134328358,
        "mean_sample_ned": 0.024691358024691357,
        "exact_matches": 6,
        "exact_match_rate": 0.6666666666666666,
        "key": "real_photo",
        "label": "实景拍照"
      }
    ],
    "difficulty": [
      {
        "samples": 271,
        "gt_characters": 14371,
        "prediction_characters": 14422,
        "edit_distance": 231,
        "cer": 0.01607403799318071,
        "mean_sample_ned": 0.01627551414281882,
        "exact_matches": 169,
        "exact_match_rate": 0.6236162361623616,
        "key": "easy",
        "label": "低难度"
      },
      {
        "samples": 501,
        "gt_characters": 128175,
        "prediction_characters": 130040,
        "edit_distance": 4283,
        "cer": 0.033415252584357326,
        "mean_sample_ned": 0.023944473744860903,
        "exact_matches": 112,
        "exact_match_rate": 0.22355289421157684,
        "key": "medium",
        "label": "中难度"
      },
      {
        "samples": 258,
        "gt_characters": 62373,
        "prediction_characters": 66332,
        "edit_distance": 8232,
        "cer": 0.13198018373334616,
        "mean_sample_ned": 0.09568072466523196,
        "exact_matches": 52,
        "exact_match_rate": 0.20155038759689922,
        "key": "hard",
        "label": "高难度"
      }
    ],
    "book_scan_sample_type": [
      {
        "samples": 437,
        "gt_characters": 116319,
        "prediction_characters": 120493,
        "edit_distance": 6651,
        "cer": 0.05717896474350708,
        "mean_sample_ned": 0.03573378455920574,
        "exact_matches": 54,
        "exact_match_rate": 0.12356979405034325,
        "key": "page",
        "label": "整页"
      },
      {
        "samples": 350,
        "gt_characters": 26886,
        "prediction_characters": 26948,
        "edit_distance": 283,
        "cer": 0.010525924272855761,
        "mean_sample_ned": 0.013720984008090922,
        "exact_matches": 228,
        "exact_match_rate": 0.6514285714285715,
        "key": "region",
        "label": "区域"
      }
    ]
  }
}
